;data;nome;descricao;localidade;post
0;2022-08-02 23:43:53;Luisa Diele-Viegas ğŸ¦ â­ï¸;PhD in Ecology and Evolution. Scientist. Herpetologist. Feminist. Activist. Vegan. Anti-racism. Anti-fascist. LGBTQIA+. Crossfiter. she/her â™€ï¸ğŸ¦ğŸŒğŸ’ªâœŠğŸ³ï¸â€ğŸŒˆ;;"Eu: 2,5 anos de pandemia sem pegar COVID e mantendo a â­ï¸ da OMS intacta (atÃ© onde eu sei) âœ…
4/4 doses da #vacina ğŸ’‰âœ…â€¦ https://t.co/peCf7LzCsa"
1;2022-08-02 22:01:49;Sobre Tudo;NotÃ­cias sobre tudo do Brasil e do mundo, fiquem ligados!!;;ğŸš¨ Mais de 15 mil doses da vacina contra a COVID-19 perderÃ£o a validade hoje na cidade do Rio de janeiro, prefeituraâ€¦ https://t.co/8mwqOJu6Iq
2;2022-08-02 21:50:20;Grupo do bem estar;Pessoas que se encontram para colocar a ARTE, A CIÃŠNCIA HUMANISTA, o PROTAGONISMO CIDADÃƒO e a ESPIRITUALIDADE a serviÃ§o do BEM ESTAR e da FELICIDADE.;SÃ£o Paulo, BRASIL;#Brasil tem mais de 1.500 casos confirmados de #VarÃ­oladosMacacos ou #MonkeyPox.A Maioria em SP. Grupo mais afetadoâ€¦ https://t.co/PQWHDuJ1RX
3;2022-08-02 21:02:56;Jornal de Alagoas;Melhor site de notÃ­cias de Alagoas. Sempre atualizado, com as Ãºltimas sobre polÃ­tica, economia e sociedade.;Alagoas, Brasil;"MaceiÃ³ comeÃ§a a vacinar crianÃ§as de 4 anos contra a Covid-19

https://t.co/OdDxNqNCnA

#maceiÃ³ #vacina #crianÃ§asâ€¦ https://t.co/4vS0dxTF3Y"
4;2022-08-02 19:27:14;Rafael Rossi;Jornalista Esportivo (Sports Journalist), Apresentador/Narrador/RepÃ³rter, papai da Juju (Juju's Daddy)!;Cedral (SP-Brasil);#Mirassol #regiao #Noticias #COVID  #Covid19 #COVID19pt #COVID19br  #PortalDaCidade #jornalismo #vacina #vacinaÃ§Ã£oâ€¦ https://t.co/i6jYxuMRgH
5;2022-08-02 19:18:39;raffys;Sou um rapaz que gosta de tudo o que Ã© novo. Amo artes e fazer novos amigos.;;"Segunda dose de reforÃ§o check 

#Vacina"
6;2022-08-02 19:03:26;ELEICAO/22-ValeskağŸ‡§ ğŸ‡´ ğŸ‡± ğŸ‡¸ ğŸ‡´ ğŸ‡³ ğŸ‡¦ ğŸ‡· ğŸ‡´ 22;"BOLSONARISTA SIM, COM ORGULHO!
EU NÃƒO VOTO EM LULADRÃƒO! GENTE HONESTA NÃƒO VOTA EM LULADRÃƒO!ğŸ’šğŸ‡§ğŸ‡· Em 2022, Ã© BOLSONARO 2ï¸âƒ£2ï¸âƒ£
(criaÃ§Ã£o 28/03/22)";EspÃ­rito Santo, Brasil;"@RICNoticias24h @CNNBrasil e @JovemPanNews mostraram hj aNOTÃCIA d fato q jÃ¡ ocorreu 1 mÃªs e 2 meses atrÃ¡s...ğŸ‘‡
Queâ€¦ https://t.co/y04dN8NsSZ"
7;2022-08-02 18:40:53;Yuri Bacuri;Quando eu crescer quero ser crianÃ§a.;BelÃ©m, PA;"Um bacuri imunizado pela 4a vez nÃ£o quer guerra com ninguem. Ã‰ aquele papo: se nÃ£o postar nÃ£o faz efeito. ğŸ˜¬âœ… 
.
.
.â€¦ https://t.co/DvvPd5AOcC"
8;2022-08-02 17:55:09;DiÃ¡rio de S. Paulo;Conta oficial do jornal DiÃ¡rio de S.Paulo. Acompanhe as principais notÃ­cias tambÃ©m pelo nosso Instagram: https://t.co/YetUglV72q;SÃ£o Paulo;"#AsMaisLidas Entenda o caso #vacina 
https://t.co/KXwcZAZyK8"
9;2022-08-02 17:47:16;UniCiÃªncia;OlÃ¡, UniCientistas! O canal Ã© apresentado pelo Dr. Gustavo Moreira, pesquisador e cientista formado em Biotecnologia. Fique bem informado e divirta-se!;Brasil;Um compilado de informaÃ§Ãµes sobre as subvariantes da Ã”micron e como podemos ficar protegidos contra esses novos Corâ€¦ https://t.co/l4rJZi8sr3
10;2022-08-02 17:45:01;Revista VivaSaÃºde;A VivaSaÃºde Ã© o seu maior guia de saÃºde do Brasil e traz dicas sobre nutriÃ§Ã£o, informaÃ§Ãµes sobre doenÃ§as e muito mais!;;Nova vacina para herpes-zÃ³ster, doenÃ§a que atingiu Justin Bieber e Fernanda Keulla, ainda sÃ³ estÃ¡ disponibilizada nâ€¦ https://t.co/Zw8lUIuJoV
11;2022-08-02 17:13:08;SINSSP Oficial;Sindicato dos Trabalhadores do Seguro Social e PrevidÃªncia Social no Estado de SÃ£o Paulo.;SÃ£o Paulo;A OMS declarou a varÃ­ola dos macacos como emergÃªncia de saÃºde pÃºblica de interesse internacional. No Brasil, sÃ£o 97â€¦ https://t.co/muDy3mXK3Z
12;2022-08-02 16:10:29;Dalva;Brasileira / BrasileÃ±a / Brazilian - Compartilhando minha opiniÃ£o e dicas do que assistir nos streamings: documentÃ¡rios, filmes e sÃ©ries.;Brasil;Enquanto vÃ¡rias cidades do #ValeDoParaÃ­ba, #LitoralNorte, #SerraDaMantiqueira e #RegiÃ£oBragantina jÃ¡ liberaram a apâ€¦ https://t.co/LTcXYFwv7x
13;2022-08-02 15:00:13;John John;;Paulista -PE;"Vamos falar de beleza mesmo Ã©??? 
Bom dia vacinado! 
#4dose #vacina #COVID19 https://t.co/T65O3qr5No"
14;2022-08-02 14:57:01;ğ“ğ“·ğ“ª ğ“’ğ“ªğ“»ğ“¸ğ“µğ“²ğ“·ğ“ªâ¦;ğ“¥ğ“²ğ“¿ğ“®ğ“» ğ“¸ ğ“¹ğ“»ğ“¸ğ“¬ğ“®ğ“¼ğ“¼ğ“¸ ğ“­ğ“® ğ“¶ğ“¾ğ“­ğ“ªğ“·Ã§ğ“ª ğ“­Ã³ğ“², ğ“¶ğ“ªğ“¼ ğ“»ğ“®ğ“·ğ“¸ğ“¿ğ“ª! á¯½à¼„;;"Gente, nÃ£o sabia que o braÃ§o doÃ­a tanto na terceira dose do COVID! 
Nossa meu Deus ğŸ™€
#COVID19 #vacina #"
15;2022-08-02 13:28:46;TV Diversa;"ğŸ“º A TV Aberta feita pra voceÌ‚!
ğŸ¦Twitter oficial da TV Diversa.";Juiz de Fora - MG;A chegada ao Brasil das primeiras doses da vacina contra a varÃ­ola dos macacos (monkeypox) deve acontecer em setembâ€¦ https://t.co/7lmeV8KIfH
16;2022-08-02 13:15:00;MetrÃ³poles;ğŸ“± O seu portal de notÃ­cias. Tudo sobre polÃ­tica, saÃºde, justiÃ§a, comportamento, entretenimento. Confira os fatos relevantes do paÃ­s e do mundo em tempo real.;BrasÃ­lia, Brasil;"#Herpes-zÃ³ster: conheÃ§a benefÃ­cios da nova #vacina, com eficÃ¡cia de 97%

Imunizante Ã© capaz de diminuir consideraveâ€¦ https://t.co/ebFPG3M0z6"
17;2022-08-02 12:28:02;Rodrigo Souza;Vencer, vencer, vencer! Uma vez Flamengo, Flamengo atÃ© morrer!;;Absurdo! Vacinas tendo que ser descartadas por falta de procura. Ã‰ dinheiro pÃºblico sendo jogado no lixo!â€¦ https://t.co/op0YFEu5Zh
18;2022-08-02 12:03:06;PNotÃ­cias;O lÃ­der de notÃ­cias no rÃ¡dio agora com vocÃª em todo lugar!;;"Covid-19: Salvador libera 4Âª dose para pessoas entre 30 e 34 anos - https://t.co/Eo2HAVASCu 
#PNotÃ­cias #Newsâ€¦ https://t.co/A5850ZcFfO"
19;2022-08-02 11:31:03;PORTAL VIVA COTIA;O maior site de notÃ­cias de Cotia e regiÃ£o, com atualizaÃ§Ãµes dinÃ¢micas durante todo o dia! Portal Viva: a notÃ­cia num clic! http://t.co/XjqgH7J0DY;Cotia;CarapicuÃ­ba inicia aplicaÃ§Ã£o da 4Âª dose da vacina contra Covid-19 para pessoas com 25 anos ou mais. Leia mais emâ€¦ https://t.co/BimUbtvQtT
20;2022-08-02 11:03:20;BandNews FM Salvador;Twitter oficial da BandNews FM Salvador - 99,1. Em um segundo, tudo pode mudar.;Bahia;A aplicaÃ§Ã£o da 4Âª dose da #vacina contra a Covid-19 Ã© ampliada para pessoas com 30 anos a partir desta terÃ§a (2), eâ€¦ https://t.co/9N60m7Tf0T
21;2022-08-02 09:31:57;ğŸŒ¶Fernanda AmaralğŸŒ¶;PERFIL PESSOAL. Falo sobre: mÃºsica, CanadÃ¡, MoÃ§ambique, Jornalismo, gatos, viagens, minha vida, filmes e sÃ©ries, e outros assuntos aleatÃ³rios. #ForaBolsonaro;SÃ£o JosÃ©, Brasil;"#SUS #Vacina #Covid 
Tomei as vacinas por volta das 15:30 e lÃ¡ pelas 19h comecei a sentir os primeiros sinais de reâ€¦ https://t.co/iZZh3UvcyJ"
22;2022-08-02 09:31:56;ğŸŒ¶Fernanda AmaralğŸŒ¶;PERFIL PESSOAL. Falo sobre: mÃºsica, CanadÃ¡, MoÃ§ambique, Jornalismo, gatos, viagens, minha vida, filmes e sÃ©ries, e outros assuntos aleatÃ³rios. #ForaBolsonaro;SÃ£o JosÃ©, Brasil;"#SUS #Vacina #Covid
Nesta segunda-feira, dia 1Â° de agosto de 2022, tomei finalmente a 4Âª dose da VACINA CONTRA O COâ€¦ https://t.co/vezHuf2krS"
23;2022-08-02 04:36:17;Luiz;;;"@Guimaraes1106 @FlavioBolsonaro No JapÃ£o a vacinaÃ§Ã£o comeÃ§ou em FEV/21 e lÃ¡ todo mundo usa mÃ¡scara.
Veja que as morâ€¦ https://t.co/dzy2PWvMsd"
24;2022-08-02 04:32:41;Luiz;;;"@GsouzaRosmari @cynaramenezes No JapÃ£o a vacinaÃ§Ã£o comeÃ§ou em FEV/21 e lÃ¡ todo mundo usa mÃ¡scara.
Veja que as morteâ€¦ https://t.co/BpKJh784kB"
25;2022-08-02 02:37:41;Betoo Campos;"ğŸ“071 Soteropolitano 
#Rubronegro
#VitÃ³riaaaaa

NORDESTINO ğŸŒµğŸŒµâ˜€ï¸ğŸŒŠ";Salvador, Bahia;4Â°dose, ok! #COVID19 #Vacinasalvavidas #Vacina
26;2022-08-02 00:41:44;Pais&Filhos;Juntos Ã© possÃ­vel formar famÃ­lias mais felizes!;Brasil;"Mais imunizaÃ§Ã£o! #vacina #covid #saÃºde 
https://t.co/oP4kGlxQWR"
27;2022-08-02 00:00:25;SINDpd-Ce;Twitter Oficial do Sindicato dos Trabalhadores em Processamento de Dados, ServiÃ§os de InformÃ¡tica e Similares do Estado do CearÃ¡;Fortaleza, CE;"Especialistas apontam riscos de estigmatizaÃ§Ã£o da doenÃ§a e alertam que o combate precisa ser coletivo

Leia mais emâ€¦ https://t.co/m9BokHTAYV"
28;2022-08-01 22:04:59;Jornal de Alagoas;Melhor site de notÃ­cias de Alagoas. Sempre atualizado, com as Ãºltimas sobre polÃ­tica, economia e sociedade.;Alagoas, Brasil;"Ã”nibus da Vacina permanece no Centro de MaceiÃ³ atÃ© a prÃ³xima sexta (6)

https://t.co/52XWP4nwcU

#onibus #vacinaâ€¦ https://t.co/RDCnfm0ewR"
29;2022-08-01 21:16:26;Blog do Hiel Levy;"ğŸ— InformaÃ§Ã£o Pontual;
ğŸ“ Desde Abril de 2010;
Acesse agora mesmo ğŸ‘‡ğŸ¼";Manaus/AM;"Saiba onde tem posto de vacinaÃ§Ã£o contra a Covid-19 esta semana em Manaus

Leia mais em: https://t.co/eF0w2MK5Ghâ€¦ https://t.co/82JKm92m84"
30;2022-08-01 20:37:20;Rafael Rossi;Jornalista Esportivo (Sports Journalist), Apresentador/Narrador/RepÃ³rter, papai da Juju (Juju's Daddy)!;Cedral (SP-Brasil);#Mirassol #regiao #Noticias #COVID  #Covid19 #COVID19pt #COVID19br  #PortalDaCidade #jornalismo #vacina #vacinaÃ§Ã£oâ€¦ https://t.co/Q4kU8nf4ex
31;2022-08-01 20:00:28;Brasil 61;Empresa de comunicaÃ§Ã£o e conteÃºdo jornalÃ­stico. Produzimos materiais multimÃ­dia, regionalizados e gratuitos. ConteÃºdos de Ã¡udio feito pela AgÃªncia do RÃ¡dio.ğŸ™âœï¸;BrasÃ­lia - DF;O MinistÃ©rio da SaÃºde estÃ¡ trabalhando com um quantitativo de aproximadamente 50 mil doses iniciais de imunizantesâ€¦ https://t.co/Mn4pqR4Mir
32;2022-08-01 18:14:26;Portal O Antenado;O site antenado nas notÃ­cias do Amazonas e do Brasil;;"Em todos os locais de atendimento haverÃ¡ primeira, segunda, terceira e quarta dose. #Manaus #Vacina 

https://t.co/eiUOgnwDZE"
33;2022-08-01 18:04:12;RÃ¡dio Bandeirantes;"Twitter oficial da RaÌdio Bandeirantes.

FrequÃªncia 840 AM | 90.9 FM | SÃ£o Paulo/SP";;"VARÃOLA DOS MACACOS | Brasil terÃ¡ vacinas ainda este ano?

#RÃ¡dioBandeirantes #TradiÃ§Ã£oNoRÃ¡dio #SaÃºdeâ€¦ https://t.co/pbk6yTuTGi"
34;2022-08-01 18:00:00;iBahia;"Da Bahia pro mundo ğŸŒ
Do mundo pra perto da gente ğŸ“²";Salvador, Bahia, Brasil;O imunizante serÃ¡ disponibilizado das 8h Ã s 16h, em 75 pontos fixos e em quatro drives-thru. Locais serÃ£o divulgadoâ€¦ https://t.co/UvI0q30Hhd
35;2022-08-01 17:43:16;SintectSP;Sindicato dos Trabalhadores da Empresa Brasileira de Correios TelÃ©grafos e Similares de SÃ£o Paulo, Grande SÃ£o Paulo e zona postal de Sorocaba;SÃ£o Paulo-SP;ğŸ’‰ #Vacina | No prÃ³ximo sÃ¡bado, 08/08, serÃ¡ iniciada a Campanha Nacional de VacinaÃ§Ã£o contra a poliomielite, tambÃ©mâ€¦ https://t.co/EwLoP4QbLz
36;2022-08-01 17:06:31;Jonathan Pereira;Jornalista;SÃ£o Paulo;NÃ£o dÃ¡ pra entender pais que preferem correr o risco de ver o filho na UTI do que escuta-lo chorar 2 minutos pq tomâ€¦ https://t.co/nUPakUODh8
37;2022-08-01 16:56:31;SINDECTEB;Sindicatos dos trabalhadores dos Correios de Bauru e regiÃ£o;Bauru-SP;ğŸ’‰ #Vacina | No prÃ³ximo sÃ¡bado, 08/08, serÃ¡ iniciada a Campanha Nacional de VacinaÃ§Ã£o contra a poliomielite, tambÃ©mâ€¦ https://t.co/58FRUGC6vK
38;2022-08-01 16:43:25;FindectOficial;FINDECT - FederaÃ§Ã£o Interestadual dos Empregados da Empresa Brasileira de Correios e TelÃ©grafos #Findect #Correios #Ecetista;Brasil;#Vacina | No prÃ³ximo sÃ¡bado, 08/08, serÃ¡ iniciada a Campanha Nacional de VacinaÃ§Ã£o contra a poliomielite, tambÃ©m coâ€¦ https://t.co/xeFiPO0U9J
39;2022-08-01 16:35:10;O Alto Acre;AgÃªncia de NotÃ­cias, Publicidade e Propaganda. 17 anos levando noticias do Acre para o mundo.;BrasilÃ©ia, Acre;#brasil #varioladosmacacos #ministro #vacina #antiviral https://t.co/mCL9e83Rjm
40;2022-08-01 15:54:16;Dalva;Brasileira / BrasileÃ±a / Brazilian - Compartilhando minha opiniÃ£o e dicas do que assistir nos streamings: documentÃ¡rios, filmes e sÃ©ries.;Brasil;Que agosto traga o que julho nÃ£o trouxe: a 4Âª dose da vacina COVID-19 para as faixas etÃ¡rias de 20 e 30 anos.â€¦ https://t.co/2LoAnsaTTb
41;2022-08-01 15:19:25;bebito fiu fiu;la vida es bonita pero traicionera;;A minha parte eu fiz, tomei a quarta dose #vacina #COVID19
42;2022-08-01 14:09:57;Jornal Boqnews;O portal de notÃ­cias de Santos, SÃ£o Vicente, Praia Grande, CubatÃ£o, GuarujÃ¡, Bertioga, ItanhaÃ©m, MongaguÃ¡ e Peruibe. InformaÃ§Ãµes sobre a Baixada Santista-SP.;Santos;"#Vacina Doses serÃ£o para profissionais de saÃºde e quem teve contato com doente
https://t.co/En6dx1sweu"
43;2022-08-01 13:31:58;Amazonas Atual;"O seu jornal on-line â€¢ #AmazonasAtual |

Participe do nosso canal no Telegram 
ğŸ“² https://t.co/mTdSj1EhJW

Lista de TransmissÃ£o no Whatsapp
(92) 98401-2888";Manaus, Amazonas;"Pacientes de varÃ­ola dos macacos estÃ£o hospitalizados e em estado grave, informou MinistÃ©rio da SaÃºde.

#saÃºdeâ€¦ https://t.co/wVfioPMN6V"
44;2022-08-01 13:06:42;Rafael Rossi;Jornalista Esportivo (Sports Journalist), Apresentador/Narrador/RepÃ³rter, papai da Juju (Juju's Daddy)!;Cedral (SP-Brasil);#Mirassol #regiao #Noticias #COVID  #Covid19 #COVID19pt #COVID19br  #PortalDaCidade #jornalismo #imunizaÃ§Ã£o #vacinaâ€¦ https://t.co/7c5rtjHSwK
45;2022-08-01 12:41:06;PNotÃ­cias;O lÃ­der de notÃ­cias no rÃ¡dio agora com vocÃª em todo lugar!;;"Salvador retoma esquema de vacinaÃ§Ã£o contra Covid-19 nesta segunda-feira - https://t.co/2H1axe75kj 
#PNotÃ­ciasâ€¦ https://t.co/JyYx3IAB0X"
46;2022-08-01 12:11:12;Richard W. Sanchez;EmpresÃ¡rio. Brasileiro residente nos EUA desde 1991. Consultor. Especialista em Marketing e Vendas. Canal de Consultoria e NegÃ³cios nos EUA https://t.co/z5L4E4H1Iw;Doral (Miami), Florida, USA;Curiosidades do partido democrata americano.O que Ã© inflaÃ§Ã£o?NÃ£o sabem mas querem mudar a definiÃ§Ã£o.O que Ã© uma mulâ€¦ https://t.co/sAEc0yDLk2
47;2022-08-01 11:43:51;Alvorada FM;Nesse e nos prÃ³ximos 44 anos, vamos seguir evoluindo para continuar sendo uma rÃ¡dio 100% sintonizada em vocÃª! #VocÃªSabePorqueOuve;Belo Horizonte;"ğŸŸ ğŸ¥ MinistÃ©rio da SaÃºde anuncia compra de vacina contra a monkeypox. ğŸ’‰ğŸ˜·

Saiba mais: https://t.co/FwWfcZzYNPâ€¦ https://t.co/ZOJktFjdxh"
48;2022-08-01 09:15:57;A VOZ CONTINUA;;;#coronavÃ­rus #vacina https://t.co/HzKSHlmwYL
49;2022-08-01 01:26:04;ELEICAO/22-ValeskağŸ‡§ ğŸ‡´ ğŸ‡± ğŸ‡¸ ğŸ‡´ ğŸ‡³ ğŸ‡¦ ğŸ‡· ğŸ‡´ 22;"BOLSONARISTA SIM, COM ORGULHO!
EU NÃƒO VOTO EM LULADRÃƒO! GENTE HONESTA NÃƒO VOTA EM LULADRÃƒO!ğŸ’šğŸ‡§ğŸ‡· Em 2022, Ã© BOLSONARO 2ï¸âƒ£2ï¸âƒ£
(criaÃ§Ã£o 28/03/22)";EspÃ­rito Santo, Brasil;@Edinholivero @FlavioBolsonaro @jairbolsonaro Vc sabe q @jairbolsonaro nÃ£o tinha q responder e-mail d #Pfizer sobreâ€¦ https://t.co/BYOM0iwAez
50;2022-07-31 23:57:34;CMIO.org;Conselho de MÃ­dia Independente e ObservatÃ³rio - NotÃ­cias e serviÃ§os verificados, desde 2008.;Brasil;Adolescente que contraiu raiva morre no Distrito Federal - https://t.co/cMxtTibZcW #BrasÃ­lia #Covid #DF #morreâ€¦ https://t.co/LORtGkK1Aj
51;2022-07-31 20:11:58;Jornal de Alagoas;Melhor site de notÃ­cias de Alagoas. Sempre atualizado, com as Ãºltimas sobre polÃ­tica, economia e sociedade.;Alagoas, Brasil;Penedo inicia vacinaÃ§Ã£o contra Covid-19 em crianÃ§as de 3 e 4 anos https://t.co/PBY5yKUUox #penedo #covid19 #vacinaâ€¦ https://t.co/8SgvfTGIJH
52;2022-07-31 19:34:56;Brasil aqui / Brazil here ğŸ‡§ğŸ‡· ProtejamOsKaiowÃ¡ ğŸ¹;Imagens com o intuito de promover esse paÃ­s de proporÃ§Ãµes continentais. Aprofunde o conhecimento clicando nas tags. #Brasil |CEO & Founder @Silvio_Menezs #RI;Brasil;#MatoGrossoDoSul #MS #GoiÃ¡s #GO #DistritoFederal #DF #MatoGrosso #MT #Brasil #CentroOeste #Brazil #Descubraâ€¦ https://t.co/koQjsBL7xu
53;2022-07-31 16:55:18;UniCiÃªncia;OlÃ¡, UniCientistas! O canal Ã© apresentado pelo Dr. Gustavo Moreira, pesquisador e cientista formado em Biotecnologia. Fique bem informado e divirta-se!;Brasil;"A variante Ã”micron do CoronavÃ­rus possui algumas subvariantes! Saiba como se proteger contra elas!

Assista!â€¦ https://t.co/9irXsHMGAs"
54;2022-07-31 15:24:13;Grupo do bem estar;Pessoas que se encontram para colocar a ARTE, A CIÃŠNCIA HUMANISTA, o PROTAGONISMO CIDADÃƒO e a ESPIRITUALIDADE a serviÃ§o do BEM ESTAR e da FELICIDADE.;SÃ£o Paulo, BRASIL;Joe Biden testa positivo para #COVID19 apÃ³s 9 dias de infecÃ§Ã£o e uso de Paxlovid.#Pandemia nÃ£o acabou.Use MÃ¡scara.â€¦ https://t.co/RlE0SrmOw1
55;2022-07-31 15:22:48;Rafaela Sacramento;"Deus ğŸ™ŒğŸ½
Violinista ğŸ»
Pedagogia ğŸ“š
Caieiras SP ğŸŒ²â¤";Caieiras, Brasil;"3Âª Dose check! ğŸ’‰
#sus #vacina #saÃºde em Teatro Municipal De Caieiras Maestro SÃ©rgio Valbusa https://t.co/H5AaJO4Qfq"
56;2022-07-31 14:50:30;TV Cultura;Twitter oficial da TV Cultura. Siga tambÃ©m os perfis: @jornal_cultura e @rodaviva. Acompanhe a nossa programaÃ§Ã£o pelo nosso site!;SÃ£o Paulo, Brasil;Anvisa irÃ¡ avaliar o pedido e tem 30 dias para dar uma resposta para farmacÃªutica. Atualmente, imunizante da Pfizerâ€¦ https://t.co/QtQTAdk6Ip
57;2022-07-31 14:50:26;Jornalismo TV Cultura;Acompanhe por aqui as notÃ­cias do #EstaManhÃ£NaCultura #JTCultura #JornaldaCultura;;Anvisa irÃ¡ avaliar o pedido e tem 30 dias para dar uma resposta para farmacÃªutica. Atualmente, imunizante da Pfizerâ€¦ https://t.co/7ggsHI8eIy
58;2022-07-31 12:23:40;Marinhos mascarado (N95/PFF2) e reforÃ§ado com a D4;EducaÃ§Ã£o, tecnologia, ciÃªncia, polÃ­tica. Com algum humor. | Education, technology, science, politics. With some humor.;Here, there and everywhere. ;"No CFM, Cercadinho Federal de Medicina, Jair foi aplaudido por cloroquiners quando afirmou que nÃ£o tomou vacina.
Aâ€¦ https://t.co/BwKwRd4FXi"
59;2022-07-31 02:56:14;ClÃ¡udio Velloso;"Engenheiro QuÃ­mico - FAENQUIL - USP - 
PÃ³s Eng. EconÃ´mica - Estudos em Microbiologia e BioquÃ­mica.";Brasil;"#vacina
No 13 de julho, a ANVISA aprovou, jÃ¡ com muitos atrasos, uso emergencial da CORONAVAC para crianÃ§as de 3 aâ€¦ https://t.co/xjwEVtH8gF"
60;2022-07-31 00:14:59;O Alto Acre;AgÃªncia de NotÃ­cias, Publicidade e Propaganda. 17 anos levando noticias do Acre para o mundo.;BrasilÃ©ia, Acre;#Vacina #inativada #pÃ³lio #10anos #baixa #adesÃ£o https://t.co/d8Cejj6LmB
61;2022-07-30 17:47:31;Leandro Sa;Empreendedor, CatÃ³lico, Liberal na Economia, Conservador nos costumes, apoiador a independÃªncia e desenvolvimento do paÃ­s.;Brazil;"AlguÃ©m notÃ­cia?
@Rconstantino @cristinagraeml @GFiuza_Oficial @AnaPaulaVolei @JovemPanNews @dramayraoficialâ€¦ https://t.co/rvyQM04YwT"
62;2022-07-30 16:48:17;Portal Correio;Somos o portal de notÃ­cias mais acessado da PARAÃBA. OBRIGADO por nos acompanhar! Facebook: https://t.co/iXEv9YD2HG Instagram: https://t.co/JGRrc1P1nb;JoÃ£o Pessoa, PB;ParaÃ­ba tem Dia D de MultivacinaÃ§Ã£o para atualizar cartÃ£o de vacinas #SaÃºde #Vacina #PortalCorreio https://t.co/ai9pNWGPAR
63;2022-07-30 16:42:37;O Alto Acre;AgÃªncia de NotÃ­cias, Publicidade e Propaganda. 17 anos levando noticias do Acre para o mundo.;BrasilÃ©ia, Acre;#Pfizer #ANVISA #pedido #autorizaÃ§Ã£o #vacina #COVID19 #6meses #4anos https://t.co/KAlnNdMhY6
64;2022-07-30 16:35:00;AndrÃ© Antonini;Economist 8/8;SÃ£o Paulo - SP, Brasil.;imunizado 4 dose ğŸ’‰ âœ… #vacina https://t.co/ljkplGg9vG
65;2022-07-30 16:32:13;Jonatan @somaisumalgoritmo;"~ Activist for Human Rights, PLHIV and LGBTQI community. Human being... I'm here to talk to you bit$hes about everything. Follow me!!! 

My OF in Pvt pls! ğŸ”ğŸ˜‚";ParanÃ¡, Brazil;Queremos #vacina para #varÃ­ola (Monkey Pox) https://t.co/zwqRP5do2L
66;2022-07-30 16:13:48;Kleber Karpov;"Mestrando em ComunicaÃ§Ã£o PolÃ­tica (UCP), Esp.Audit./GestÃ£o SaÃºde; MBA Neuromarketing, Jornalista, Editor PolÃ­tica Distrital; ex-Sec. Mun. ComunicaÃ§Ã£o SAD/GO;";BrasÃ­lia-DF;"Vacina inativada da pÃ³lio faz 10 anos nos postos com baixa adesÃ£o

https://t.co/MjHmt0kX9y

#CoberturaVacinalâ€¦ https://t.co/UnNP2xx9tf"
67;2022-07-30 14:02:07;PNotÃ­cias;O lÃ­der de notÃ­cias no rÃ¡dio agora com vocÃª em todo lugar!;;"Primeiras vacinas contra varÃ­ola dos macacos devem chegar em setembro - https://t.co/JF097nqdY5 
#PNotÃ­cias #Newsâ€¦ https://t.co/9g4qz4La7l"
68;2022-07-30 13:56:54;Portal Vigilante;MANAUS | AMAZONAS | BRASIL | POLÃTICA | POLÃCIA | ESPORTE | FAMOSOS ğŸ•µğŸ½â€â™‚ï¸;;A vacina Ã© ofertada para todas as pessoas a partir de 3 anos de idade. #Manaus #Vacina #Covid https://t.co/HZYpKqOI4z
69;2022-07-30 13:52:57;Portal O Antenado;O site antenado nas notÃ­cias do Amazonas e do Brasil;;A vacina Ã© ofertada para todas as pessoas a partir de 3 anos de idade. #Manaus #Vacina #Covid https://t.co/nhP7CgNNtu
70;2022-07-30 13:52:37;DOL CARAJÃS;DOL CarajÃ¡s;MarabÃ¡, PA - Brasil;"No BrasilğŸ’‰
https://t.co/Wketpgun1h
VocÃª jÃ¡ tomou a sua?

#tÃ¡nodolcarajas #dolcarajas #poliomielite #vacina #brasil"
71;2022-07-30 13:26:16;NotÃ­cias RedeTV;"Aqui vocÃª encontra tudo o que acontece no Brasil e no mundo!

- Siga tambÃ©m: @redetv";;"Vacina inativada da pÃ³lio faz 10 anos nos postos com baixa adesÃ£o

- Baixa cobertura vacinal Ã© uma grande preocupaÃ§â€¦ https://t.co/1wsBiL3KGV"
72;2022-07-30 13:16:54;DiÃ¡rio de GoiÃ¡s;O jornal DiÃ¡rio de GoiÃ¡s Ã© publicaÃ§Ã£o digital independente com informaÃ§Ã£o e anÃ¡lise dos fatos. Publicado desde 2012. Visite o https://t.co/LOHq4fDK2E;GoiÃ¢nia;"Saiba onde se vacinar contra Covid-19, Influenza e testagem neste fim de semana, em GoiÃ¢nia.

By @diariodegoiasâ€¦ https://t.co/NpkhXG12mv"
73;2022-07-30 12:55:18;CMIO.org;Conselho de MÃ­dia Independente e ObservatÃ³rio - NotÃ­cias e serviÃ§os verificados, desde 2008.;Brasil;IncidÃªncia de covid-19 grave Ã© atÃ© 3 vezes maior entre nÃ£o vacinados - https://t.co/s0WruycDtR #Boletim #Covidâ€¦ https://t.co/4syTfP6WnQ
74;2022-07-30 12:36:08;Nezeli Fagundes;FuncionÃ¡ria pÃºblica aposentada CATI - Secretaria de Agricultura e Abastecimento do Estado de SÃ£o Paulo;;#Vacina #Covid19 #Janssen #AFPChecamos https://t.co/YGdPyhg9dW
75;2022-07-30 12:33:11;Dottinha;;;Na minha vez questionei tudo isso e ele me respondeu que Ã± Ã© necessÃ¡rio luvas nem higienizar as mÃ£os pois a agulhaâ€¦ https://t.co/MwsIHAnYY7
76;2022-07-30 11:49:21;Quiropraxia Zona Norte SP â˜¯;â˜¯ Freguesia do Ã“ ZN.SP - Quiropraxia. Cuida da sua coluna e alivia a Dor lombar crÃ´nica, em 90% apÃ³s a 1Âª SessÃ£o. Esta com Dor? Vai no Neto!;SÃ£o Paulo SP;"BOM DIA

#novidades  #g1  #saÃºde   #vacina  #TVCultura  #SP1 #SP2  #redeglobo  #sbt  #r7  #HojeEmDia  #Hora1â€¦ https://t.co/EeHcyKWZ9v"
77;2022-07-30 11:33:29;douglas dias;"O importante Ã© a NOTÃCIA! Ã‰ o debate. Precisamos de diversidade nas ideias. Respeito mÃºtuo. 
#PiadasSÃ£oPiadasNadaMais https://t.co/4eOMl6GzD2";NiterÃ³i-RJ-BRASIL;"REINFECÃ‡ÃƒO PELA COVID SE TORNOU MAIS COMUM.
Menos tempo.
#COVID19
#SaÃºde #Vacina #Poder360
#MinisterioDaSaudeâ€¦ https://t.co/CthDFqprJi"
78;2022-07-30 11:00:19;Em Dia ES;HÃ¡ 13 anos difundindo conteÃºdo relevante para os capixabas.;ES;"Primeiras vacinas contra varÃ­ola dos macacos devem chegar em setembro

#varioladosmacacos #saude #vacinaâ€¦ https://t.co/WLq3ow4DNA"
79;2022-07-30 10:20:10;Jornal dos Canyons;#JornaldosCanyons, o DiÃ¡rio Digital da #CapitaldosCanyons â†’ #PolÃ­tica, #Economia & #Tecnologia â‰¡ #JdC;Praia Grande, Brasil;"ğŸ‘‰ğŸ» Novos DiagnÃ³sticos 24h: 41.713
ğŸ‘‰ğŸ» Ã“bitos Acumulados: 678.313
ğŸ‘‰ğŸ» Ã“bitos 24h: 244
ğŸ‘‰ğŸ» Fonte: MinistÃ©rio da SaÃºde

ğŸ—â€¦ https://t.co/vZKEXFrLFG"
80;2022-07-30 04:31:10;Pablo Faria;CoÃ©! | @blackcastball;Rio de Janeiro ;Aproveitei a hora do almoÃ§o para ir no posto tomar a #4Âªdose da #vacina. Chegando lÃ¡ a mulher sugeriu que eu jÃ¡ tomâ€¦ https://t.co/IDoB1Prwa8
81;2022-07-30 02:36:39;Ã‰rica Ferreira (de ğŸ );Evoluir leva tempo, mas vale a pena!!!! ğŸŒ»ğŸŒ»ğŸŒ» â™¥ï¸â™¥ï¸â™¥ï¸;Belo Horizonte, Brasil;Testei positivo para o Covid pela segunda vez, com trÃªs vacinas em dia. Estou com sintomas de gripe mais forte e umâ€¦ https://t.co/qrPvRkS612
82;2022-07-30 00:19:07;O Alto Acre;AgÃªncia de NotÃ­cias, Publicidade e Propaganda. 17 anos levando noticias do Acre para o mundo.;BrasilÃ©ia, Acre;#vacina #variola #macacos #setembro https://t.co/7WWUyhSBFM
83;2022-07-30 00:14:33;Portal SCC10;O Portal da NotÃ­cia em Santa Catarina.;Santa Catarina;"ğŸ’‰ Doses serÃ£o aplicadas em um pÃºblico especÃ­fico. Veja quando chegam as primeiras doses:

#scc10 #vacinaâ€¦ https://t.co/hVys0enmvP"
84;2022-07-30 00:11:09;MARCIA COSTA;Tel 00 55 21 999538284 Marcia Costa marciacostadg@hotmail.com Filme Longa DocumentÃ¡rio FrancÃªs FAUX DÃ‰PART (Falsa Partida /Ultimely Departure)de SONIA BARKALLAH;RIO DE JANEIRO - BRASIL.;#Rio #vacina contra #covid https://t.co/AiMyHjRaqU
85;2022-07-29 23:47:24;Ãrea VIP;"Ãrea Vip - Site pioneiro sobre TV e Famosos no Brasil!

Celebridades, TelevisÃ£o, Bastidores, Novelas e Reality-shows.";SÃ£o Paulo;Tadeu Schmidt mostra dupla imunizaÃ§Ã£o â€œ#Vacina Foreverâ€ - #Covid19 #Influenza #TadeuSchmidt - https://t.co/dnMxg3GuPo
86;2022-07-29 23:38:22;PetrÃ³polis em Cena;"Perfil oficial do Portal PetrÃ³polis em Cena
Twitter: @petroemcena
Instagram: @petropolisemcena
Facebook:  @petropolisemcena
Compartilhe tag #petropolisemcena";Brasil;Nesta sexta-feira (29), foi ampliada a aplicaÃ§Ã£o da quarta dose (segundo reforÃ§o) para pessoas com 18 anos ou mais.â€¦ https://t.co/hHAlxEiahV
87;2022-07-29 21:46:21;Click Riomafra;Click Riomafra - https://t.co/NC82D0YbIs;Rio Negro-PR / Mafra-SC;#vacina As doses serÃ£o aplicadas nas ESFs que possuam salas de vacina credenciadas.  https://t.co/CRdnwLI7f9
88;2022-07-29 20:58:08;Riomafra Mix;Seu maior site de notÃ­cias da regiÃ£o.;ParanÃ¡, Brasil;"ApÃ³s 1Âª morte, SaÃºde encomenda 50 mil doses de vacina contra varÃ­ola dos macacos ğŸ‘ˆ

Leia a matÃ©ria completa no siteâ€¦ https://t.co/Dy6I2GKvWu"
89;2022-07-29 20:10:37;Freder Kamen;Palavras voam ao vento, o importante sÃ£o aÃ§Ãµes.;;Mais a assinatura da vacina nÃ£o cobria isto? Eu pensei que a 5Âª temporada era a final, vai ter uma prÃ³xima?â€¦ https://t.co/0IAWKdfDhf
90;2022-07-29 20:00:01;Imunovida Vacinas;A Imunovida Vacinas, sediada na cidade mineira de UberlÃ¢ndia, promover mais saÃºde e qualidade de vida por meio da IMUNIZAÃ‡ÃƒO.;;A BCG jÃ¡ salvou milhares de vidas e vai salvar ainda mais, portanto nem pense em deixar o seu pequeno sem a vacina.â€¦ https://t.co/NRRYvBYzaP
91;2022-07-29 20:00:00;Unifesp;Universidade Federal de SÃ£o Paulo #somosunifesp;SÃ£o Paulo, Brasil;"ğŸš¨ O prazo estÃ¡ acabando! SÃ³ atÃ© 31/7.

ğŸ’‰ğŸ“„ Estudantes de graduaÃ§Ã£o e pÃ³s-graduaÃ§Ã£o, residentes e servidores(as) deveâ€¦ https://t.co/Mg5v8SdEgo"
92;2022-07-29 19:56:43;ASBAI;AssociaÃ§Ã£o Brasileira de Alergia e Imunologia;SÃ£o Paulo - Brasil;Hoje, a ASBAI participou do curso ğŸ‘‰ HesitaÃ§Ã£o VacinalğŸ‘ˆ, promovido pela SBIm e o Instituto QuestÃ£o de ciÃªncia.â€¦ https://t.co/ur6KARc0JY
93;2022-07-29 19:40:54;www.ofatomaringa.com.br;"O FATO MARINGÃ  
Portal de NotÃ­cias";;COVID: SaÃºde passa a vacinar 18  em MaringÃ¡ https://t.co/fvXugzF1ao #vacina # vacinaÃ§Ã£o covid # quarta dose covid
94;2022-07-29 18:57:19;CidadeVerde.com;Twitter oficial do https://t.co/hMvEQvWwl5, portal da TV Cidade Verde;Teresina - PiauÃ­ - Brasil;O PiauÃ­ estÃ¡ em segundo lugar entre os estados que mais aplicaram a primeira dose de reforÃ§o contra a Covid-19, segâ€¦ https://t.co/s0OZVRVVZh
95;2022-07-29 17:14:21;Rafael Aloisio Freitas;Vereador no municÃ­pio do RJ, 1Â° SecretÃ¡rio da #camarario e atuo em prol da recuperaÃ§Ã£o econÃ´mica da nossa cidade;Rio de Janeiro, Brasil;ğŸ‘€ğŸ‘‰Fique atento ao calendÃ¡rio de vacinaÃ§Ã£o contra a COVID-19! Todas as pessoas partir dos 18 anos de idade devem seâ€¦ https://t.co/Y2pGUKRaow
96;2022-07-29 16:32:26;ianthomaz ğŸ³ï¸â€ğŸŒˆ;TOC - TAMANHA OVERDOSE DE CAOS;40.755313,-73.969521;Relato importante! Triste como foi preciso passar por tantas camadas d atendimento para que suspeitassem d VarÃ­ola.â€¦ https://t.co/sUziigyRNi
97;2022-07-29 16:21:57;Quiropraxia Zona Norte SP â˜¯;â˜¯ Freguesia do Ã“ ZN.SP - Quiropraxia. Cuida da sua coluna e alivia a Dor lombar crÃ´nica, em 90% apÃ³s a 1Âª SessÃ£o. Esta com Dor? Vai no Neto!;SÃ£o Paulo SP;#novidades  #g1  #saÃºde   #vacina  #TVCultura  #SP1 #SP2  #redeglobo  #sbt  #r7  #HojeEmDia  #Hora1â€¦ https://t.co/rlCwvp8aGL
98;2022-07-29 15:38:19;VinÃ­cius Borges â¤ï¸â€ğŸ©¹ğŸ³ï¸â€ğŸŒˆ;MÃ©dico infectologista que se dedica ao estudo da populaÃ§Ã£o LGBTQIA+, do HIV e das demais ISTâ€™s. Contato no link abaixo ou insta @doutormaravilha;SÃ£o Paulo, Brasil;Brasil registrou a primeira morte por complicaÃ§Ãµes da varÃ­ola monkeypox. Um paciente oncolÃ³gico, em tratamento de lâ€¦ https://t.co/ogsczvA6i4
99;2022-07-29 14:20:42;Guarulhos Online;"VocÃª Conectado!
ğŸ“ŠCobertura dos principais acontecimentos da cidade
ğŸ“Jornalismo Local e Plural
ğŸ“§#guarulhosonline
ğŸ“²Siga o GO no Facebook e Instagram";Guarulhos, Brasil;VarÃ­ola dos macacos: entenda a transmissÃ£o, os sintomas e a vacina. #monkeypox #vacina #varÃ­oladosmacacosâ€¦ https://t.co/CsSh96STXz
